fit,track,new,company,title,location,region,loc,posted,url
65,qc,True,GSK,Analytical Technical Services Analyst,Egypt - Cairo,Egypt,ok,Posted Today,https://gsk.wd5.myworkdayjobs.com/GSKCareers/job/Egypt---Cairo/Analytical-Technical-Services-Analyst_448195
60,planning,True,P&G,Supply Chain Analyst,Cairo,Egypt,ok,Posted 30+ Days Ago,https://pg.wd5.myworkdayjobs.com/1000/job/Cairo/Supply-Chain-Analyst_R000156324
0,,True,AstraZeneca,Legal Counsel - Egypt,Egypt - Cairo,Egypt,ok,Posted 6 Days Ago,https://astrazeneca.wd3.myworkdayjobs.com/Careers/job/Egypt---Cairo/Legal-Counsel---Egypt_R-260492
0,,True,AstraZeneca,Warehouse Supervisor,Egypt,Egypt,ok,Posted 12 Days Ago,https://astrazeneca.wd3.myworkdayjobs.com/Careers/job/Egypt/Warehouse-Supervisor_R-260171
0,,True,AstraZeneca,"Medical Representative, Oncology – Cairo / Giza (6-Month Fixed-Term Contract)",Egypt - Cairo,Egypt,ok,Posted 20 Days Ago,https://astrazeneca.wd3.myworkdayjobs.com/Careers/job/Egypt---Cairo/Oncology-Business-Partner---Cairo---Giza--6-Month-Fixed-Term-Contract-_R-259647
0,,True,AstraZeneca,Senior MSL Rare Disease,Western-Jeddah,Gulf,ok,Posted Today,https://astrazeneca.wd3.myworkdayjobs.com/Careers/job/Western-Jeddah/Senior-MSL-Rare-Disease_R-249526
0,,True,AstraZeneca,"Product Specialist, Oncology",UAE - Dubai,Gulf,ok,Posted 8 Days Ago,https://astrazeneca.wd3.myworkdayjobs.com/Careers/job/UAE---Dubai/Product-Specialist--Oncology_R-260332
0,,True,GSK,Intern Finance Associate – UAE National,UAE - Dubai,Gulf,ok,Posted 5 Days Ago,https://gsk.wd5.myworkdayjobs.com/GSKCareers/job/UAE---Dubai/Internship--Finance-Associate_447276
0,,True,GSK,Junior Procurement Coordinator (UAE National),UAE - Dubai,Gulf,ok,Posted 5 Days Ago,https://gsk.wd5.myworkdayjobs.com/GSKCareers/job/UAE---Dubai/Junior-Procurement-Coordinator--UAE-National-_448169
0,,True,Novartis,Head of Medical Affairs,New Cairo,Egypt,ok,Posted 4 Days Ago,https://novartis.wd3.myworkdayjobs.com/Novartis_Careers/job/New-Cairo/Head-of-Medical-Affairs_REQ-10078859
0,,True,Novartis,Medical Manager,Riyadh,Gulf,ok,Posted 27 Days Ago,https://novartis.wd3.myworkdayjobs.com/Novartis_Careers/job/Riyadh/Medical-Manager_REQ-10087152
0,,True,Novartis,Sr. Commercial Partnerships & Alliances Manager,Riyadh,Gulf,ok,Posted 11 Days Ago,https://novartis.wd3.myworkdayjobs.com/Novartis_Careers/job/Riyadh/Sr-Commercial-Partnerships---Alliances-Manager_REQ-10087858
0,,True,Novartis,TA Representative – Immunology Kuwait,Kuwait,Gulf,ok,Posted Today,https://novartis.wd3.myworkdayjobs.com/Novartis_Careers/job/Kuwait/TA-Representative---Immunology-Kuwait_REQ-10088949
0,,True,P&G,Program “SHINE” – Development Program for People with Disabilities,2 Locations,Egypt,ok,Posted 30+ Days Ago,https://pg.wd5.myworkdayjobs.com/1000/job/Cairo/Program--SHINE----Development-Program-for-People-with-Disabilities_R000150846
0,,True,P&G,Human Resources Manager,CAIRO BUSINESS OFFICE,Egypt,ok,Posted 30+ Days Ago,https://pg.wd5.myworkdayjobs.com/1000/job/CAIRO-BUSINESS-OFFICE/Human-Resources-Manager_R000151825-1
0,,True,P&G,Global Security Manager,CAIRO BUSINESS OFFICE,Egypt,ok,Posted 18 Days Ago,https://pg.wd5.myworkdayjobs.com/1000/job/CAIRO-BUSINESS-OFFICE/Global-Security-Manager_R000158690
0,,True,P&G,Occupational Health Nurse,2 Locations,Egypt,ok,Posted 30+ Days Ago,https://pg.wd5.myworkdayjobs.com/1000/job/6TH-OF-OCTOBER-CITY-PLANT/Occupational-Health-Nurse_R000150607
0,,True,P&G,Plant Technician - فني انتاج وتشغيل,6TH OF OCTOBER CITY PLANT,Egypt,ok,Posted 30+ Days Ago,https://pg.wd5.myworkdayjobs.com/1000/job/6TH-OF-OCTOBER-CITY-PLANT/Plant-Technician-----_R000149028
0,,True,P&G,Process Engineer Manufacturing - Cairo & October 6th Plants- 0 to 3 years of experience,3 Locations,Egypt,ok,Posted 30+ Days Ago,https://pg.wd5.myworkdayjobs.com/1000/job/6Th-Of-October/Process-Engineer-Manufacturing---Cairo---October-6th-Plants--0-to-3-years-of-experience_R000154950
0,,True,P&G,Performance Marketing Manager,CAIRO BUSINESS OFFICE,Egypt,ok,Posted 30+ Days Ago,https://pg.wd5.myworkdayjobs.com/1000/job/CAIRO-BUSINESS-OFFICE/Performance-Marketing-Manager_R000156838
0,,True,P&G,Senior Manager - Regulatory & Policy Affairs,Riyadh,Gulf,ok,Posted 30+ Days Ago,https://pg.wd5.myworkdayjobs.com/1000/job/Riyadh/Senior-Manager---Regulatory---Policy-Affairs_R000147983
0,,True,P&G,Digital Commerce - Senior Manager,JEDDAH JAMEEL SQUARE OFFICE,Gulf,ok,Posted 19 Days Ago,https://pg.wd5.myworkdayjobs.com/1000/job/JEDDAH-JAMEEL-SQUARE-OFFICE/Digital-Commerce---Senior-Manager_R000158377
0,,True,P&G,P&G LEADgen Internship Program 2027 - Process Engineer (Dammam),Dammam,Gulf,ok,Posted 20 Days Ago,https://pg.wd5.myworkdayjobs.com/1000/job/Dammam/P-G-LEADgen-Internship-Program-2027---Process-Engineer--Dammam-_R000158844
0,,True,P&G,P&G LEADgen Internship Program 2027 (Jeddah),JEDDAH JAMEEL SQUARE OFFICE,Gulf,ok,Posted 20 Days Ago,https://pg.wd5.myworkdayjobs.com/1000/job/JEDDAH-JAMEEL-SQUARE-OFFICE/P-G-LEADgen-Internship-Program-2027--Jeddah-_R000158842
0,,True,P&G,HR Specialist,JEDDAH JAMEEL SQUARE OFFICE,Gulf,ok,Posted 7 Days Ago,https://pg.wd5.myworkdayjobs.com/1000/job/JEDDAH-JAMEEL-SQUARE-OFFICE/HR-Specialist_R000159383
0,,True,P&G,Experienced Brand Manager,DUBAI GENERAL OFFICE,Gulf,ok,Posted Yesterday,https://pg.wd5.myworkdayjobs.com/1000/job/DUBAI-GENERAL-OFFICE/Experienced-Brand-Manager_R000159197
0,,True,P&G,HR Manager - Gulf,DUBAI GENERAL OFFICE,Gulf,ok,Posted Yesterday,https://pg.wd5.myworkdayjobs.com/1000/job/DUBAI-GENERAL-OFFICE/HR-Manager---Gulf_R000159607
0,,True,P&G,Senior Brand Manager,DUBAI GENERAL OFFICE,Gulf,ok,Posted 4 Days Ago,https://pg.wd5.myworkdayjobs.com/1000/job/DUBAI-GENERAL-OFFICE/Senior-Brand-Manager_R000159211
0,,True,P&G,Executive Assistant,DUBAI GENERAL OFFICE,Gulf,ok,Posted 30+ Days Ago,https://pg.wd5.myworkdayjobs.com/1000/job/DUBAI-GENERAL-OFFICE/Executive-Assistant_R000151431
0,,True,P&G,Senior Sales Manager,DUBAI GENERAL OFFICE,Gulf,ok,Posted 12 Days Ago,https://pg.wd5.myworkdayjobs.com/1000/job/DUBAI-GENERAL-OFFICE/Senior-Sales-Manager_R000153570
0,,True,P&G,Fabric & Home Care MEA Purchasing Manager,DUBAI GENERAL OFFICE,Gulf,ok,Posted 30+ Days Ago,https://pg.wd5.myworkdayjobs.com/1000/job/DUBAI-GENERAL-OFFICE/Fabric---Home-Care-MEA-Purchasing-Manager_R000156406
0,,True,P&G,Sr. Design Delivery Specialist,DUBAI GENERAL OFFICE,Gulf,ok,Posted 5 Days Ago,https://pg.wd5.myworkdayjobs.com/1000/job/DUBAI-GENERAL-OFFICE/Sr-Design-Delivery-Specialist_R000158914
0,,True,Pfizer,Hematology Product Specialist (Cairo),Egypt - Cairo,Egypt,ok,Posted Yesterday,https://pfizer.wd1.myworkdayjobs.com/PfizerCareers/job/Egypt---Cairo/HEMATOLOGY-PRODUCT-SPECIALIST_4962102-1
0,,True,Sanofi,"Safety, Health & Hygiene Specialist",Cairo,Egypt,ok,Posted Today,https://sanofi.wd3.myworkdayjobs.com/SanofiCareers/job/Cairo/Safety--Health---Hygiene-Specialist_R2871777
0,,True,Sanofi,Customer Experience Partner -Oncology (Alex),Cairo,Egypt,ok,Posted 6 Days Ago,https://sanofi.wd3.myworkdayjobs.com/SanofiCareers/job/Cairo/Customer-Experience-Partner--Hematology--Alex-_R2859453-1
0,,True,Sanofi,Customer Experience Partner – Oncology (Giza),Cairo,Egypt,ok,Posted 6 Days Ago,https://sanofi.wd3.myworkdayjobs.com/SanofiCareers/job/Cairo/Customer-Experience-Partner---Oncology--Cairo-_R2872319
0,,True,Sanofi,Manufacturing Operator مشغل عمليات التصنيع و الانتاج,Cairo,Egypt,ok,Posted 28 Days Ago,https://sanofi.wd3.myworkdayjobs.com/SanofiCareers/job/Cairo/Manufacturing-Operator-----_R2866823
0,,True,Sanofi,Packaging and Blistering Operator فنى تشغيل ماكينات التعبئة و التغليف,Cairo,Egypt,ok,Posted 28 Days Ago,https://sanofi.wd3.myworkdayjobs.com/SanofiCareers/job/Cairo/Packaging-and-Blistering-Operator------_R2866172-1
0,,True,Sanofi,Medical Scientific Liaison Autoimmune T1D,Riyadh,Gulf,ok,Posted 2 Days Ago,https://sanofi.wd3.myworkdayjobs.com/SanofiCareers/job/Riyadh/Medical-Scientific-Liaison-Autoimmune-T1D_R2870674-1
0,,True,Unilever,Customer Development Executive,"Remote - Cairo, Egypt",Egypt,ok,Posted 9 Days Ago,https://unilever.wd3.myworkdayjobs.com/Unilever_Experienced_Professionals/job/Remote---Cairo-Egypt/Customer-Development-Executive_R-1187416
0,,True,Unilever,HR Generalist Assistant Manager,"6th of October, Egypt",Egypt,ok,Posted 6 Days Ago,https://unilever.wd3.myworkdayjobs.com/Unilever_Experienced_Professionals/job/6th-of-October-Egypt/HR-Generalist-Assistant-Manager_R-1186489
0,,True,Unilever,MPC Mechanical Maintenance Engineer,"6th of October, Egypt",Egypt,ok,Posted 12 Days Ago,https://unilever.wd3.myworkdayjobs.com/Unilever_Experienced_Professionals/job/6th-of-October-Egypt/MPC-Mechanical-Maintenance-Engineer_R-1188148
0,,True,Unilever,Key Accounts Assistant Manager,"Riyadh, Saudi Arabia",Gulf,ok,Posted 2 Days Ago,https://unilever.wd3.myworkdayjobs.com/Unilever_Experienced_Professionals/job/Riyadh-Saudi-Arabia/Key-Accounts-Assistant-Manager_R-1187944
0,,True,Unilever,Key Account Executive - Ice Cream,"Dubai, United Arab Emirates",Gulf,ok,Posted 5 Days Ago,https://unilever.wd3.myworkdayjobs.com/Unilever_Experienced_Professionals/job/Dubai-United-Arab-Emirates/Key-Account-Executive---Ice-Cream_R-1188279
0,,True,Viatris,Business Development Emerging Markets,Turkey Remote Office; Egypt Remote Office,Egypt,ok,Posted 18 Days Ago,https://viatris.wd5.myworkdayjobs.com/External/job/Turkey-Remote-Office/Business-Development-Emerging-Markets_R5673790
0,,True,Viatris,CRM & Sample Specialist (Contractor),Cairo-Office,Egypt,ok,Posted 30+ Days Ago,https://viatris.wd5.myworkdayjobs.com/External/job/Cairo-Office/CRM---Sample-Specialist_R5672196
0,,True,Viatris,Head of Business Operations – MENA Eurasia,"Media City, Dubai, United Arab Emirates",Gulf,ok,Posted 30+ Days Ago,https://viatris.wd5.myworkdayjobs.com/External/job/Media-City-Dubai-United-Arab-Emirates/Head-of-Business-Operations---MENA-Eurasia_R5670911
